{
  "namespace":"information_section",
  "info_button@settings_common.section_toggle_base":{
    "$toggle_view_binding_name":"info_button_toggle",
    "$glyph_texture":"textures/ui/info_glyph",
    "$glyph_color_texture":"textures/ui/info_glyph_color",
    "$glyph_size":[
      17,
      17
    ],
    "$button_text":"panel.info",
    "$toggle_property_bag":{
      "#panel_title":"panel.info"
    }
  },
  "info_section":{
    "type":"stack_panel",
    "size":[
      "100%",
      "100%c"
    ],
    "anchor_from":"top_left",
    "anchor_to":"top_left",
    "bindings":[
      {
        "binding_type":"view",
        "source_control_name":"info_button_toggle",
        "source_property_name":"#toggle_state",
        "target_property_name":"#visible"
      }
    ],
    "controls":[
      {
        "icon": {
          "type": "image",
	         "anchor_from": "top_middle",
          "anchor_to": "top_middle",
          "texture": "textures/ui/title",
          "size": [ "100%", 50 ]
        }
      },
      {
        "selector_group_lable_1@settings_common.selector_group_label":{
          "font_size":"large",
          "shadow":true,
          "text":"Optimization Play"
        }
      },
      {
        "selector_group_lable_1@settings_common.selector_group_label":{
          "text":"§eВ этом моде(аддоне) было добавлено: быстрая кнопка F5, возможность настроить FPS под свой девайс, оптимизация вашей игры."
        }
      },
      {
        "selector_group_lable_1@settings_common.selector_group_label":{
          "text":"space.spacer"
        }
      },
      {
        "selector_group_lable_1@settings_common.selector_group_label":{
          "font_size":"medium",
          "shadow":true,
          "text":"Creator Info:"
        }
      },
      {
        "selector_group_lable_1@settings_common.selector_group_label":{
          "text":"VK:"
        }
      },
      {
        "nether_button@common_buttons.hyperlink_button":{
          "$button_text|default":"@d.kogrin",
          "size":[
            "100%",
            30
          ],
          "$button_size_override":[
            "100%",
            "100% + 1px"
          ],
          "anchor_from":"center",
          "anchor_to":"center",
          "property_bag":{
            "#hyperlink":""
          }
        }
      },
      {
        "selector_group_lable_1@settings_common.selector_group_label":{
          "text":"space.spacer"
        }
      {
        "nether_button@common_buttons.hyperlink_button":{
          "$button_text|default":"",
          "size":[
            "100%",
            30
          ],
          "$button_size_override":[
            "100%",
            "100% + 1px"
          ],
          "anchor_from":"center",
          "anchor_to":"center",
          "property_bag":{
            "#hyperlink":""
          }
        }
      },
      {
        "selector_group_lable_1@settings_common.selector_group_label":{
          "text":"space.spacer"
        }
      },
      {
        "selector_group_lable_1@settings_common.selector_group_label":{
          "font_size":"large",
          "shadow":true,
          "text":"ник:Daniil1098:",
          "alpha": 0.50,
          "shadow": true
        }
      },
      {
        "selector_group_lable_1@settings_common.selector_group_label":{
          "font_size":"medium",
          "alpha": 0.50,
          "$button_content_alpha":0.50,
          "text":"поддержите донатом в группе;)"
        }
      },
      {
        "selector_group_lable_1@settings_common.selector_group_label":{
          "text":"space.spacer"
        }
      },
      {
        "selector_group_lable_1@settings_common.selector_group_label":{
          "font_size":"medium",
          "alpha": 0.50,
          "$button_content_alpha":0.50,
          "text":"ждите нового мода!!!!"
        }
      }
    ]
  }
}