{
  "namespace":"organized_section",
//--------------------------------
//PLAYER PANEL
//--------------------------------
  "player_button@settings_common.section_toggle_base":{
    "$toggle_view_binding_name":"player_button_toggle",
    "$glyph_texture":"textures/ui/playersettings_glyph",
    "$glyph_color_texture":"textures/ui/playersettings_glyph_color",
    "$glyph_size":[
      16,
      16
    ],
    "$button_text":"panel.player",
    "$toggle_property_bag":{
      "#panel_title":"panel.player"
    }
  },
  "player_section":{
    "type":"stack_panel",
    "size":[
      "100%",
      "100%c"
    ],
    "anchor_from":"top_left",
    "anchor_to":"top_left",
    "bindings":[
      {
        "binding_type":"view",
        "source_control_name":"player_button_toggle",
        "source_property_name":"#toggle_state",
        "target_property_name":"#visible"
      }
    ],
    "controls":[
      {
        "field_of_view_slider@settings_common.option_slider":{
          "$ignored":"($is_holographic and $is_reality_mode and not $is_pregame)",
          "$option_label":"#field_of_view_slider_label",
          "$slider_name":"field_of_view",
          "$slider_value_binding_name":"#field_of_view",
          "$option_enabled_binding_name":"#field_of_view_enabled",
          "$label_bindings":[
            {
              "binding_name":"#field_of_view_slider_label"
            }
          ]
        }
      },
      {
        "option_toggle_3@settings_common.option_toggle":{
          "ignored":"($is_holographic and $is_reality_mode and not $is_pregame)",
          "$option_label":"options.viewBobbing",
          "$option_binding_name":"#view_bobbing",
          "$option_enabled_binding_name":"#view_bobbing_enabled",
          "$toggle_name":"view_bobbing"
        }
      },
      {
        "option_toggle_4@settings_common.option_toggle":{
          "$option_label":"options.hidepaperdoll",
          "$option_binding_name":"#hide_paperdoll",
          "$option_enabled_binding_name":"#hide_paperdoll_enabled",
          "$toggle_name":"hide_paperdoll"
        }
      },
      {
        "option_toggle_5@settings_common.option_toggle":{
          "$option_label":"options.ingamePlayerNames",
          "$option_binding_name":"#ingame_player_names",
          "$option_enabled_binding_name":"#ingame_player_names_enabled",
          "$toggle_name":"ingame_player_names"
        }
      },
      {
        "option_toggle_6@settings_common.option_toggle":{
          "$option_label":"options.splitscreenIngamePlayerNames",
          "$option_binding_name":"#splitscreen_ingame_player_names",
          "$option_enabled_binding_name":"#splitscreen_ingame_player_names_enabled",
          "$toggle_name":"splitscreen_ingame_player_names"
        }
      },
      {
        "field_of_view_toggle_7@settings_common.option_toggle":{
          "$option_label":"options.fov.toggle",
          "$option_binding_name":"#field_of_view_toggle",
          "$option_enabled_binding_name":"#field_of_view_toggle_enabled",
          "$toggle_name":"field_of_view_toggle"
        }
      }
    ]
  },
//--------------------------------
//GAMEPLAY PANEL
//--------------------------------
  "gameplay_button@settings_common.section_toggle_base":{
    "$toggle_view_binding_name":"gameplay_button_toggle",
    "$glyph_texture":"textures/ui/gameplay_glyph",
    "$glyph_color_texture":"textures/ui/gameplay_glyph_color",
    "$glyph_size":[
      16,
      16
    ],
    "$button_text":"panel.graphics",
    "$toggle_property_bag":{
      "#panel_title":"panel.graphics"
    }
  },
  "gameplay_section":{
    "type":"stack_panel",
    "size":[
      "100%",
      "100%c"
    ],
    "anchor_from":"top_left",
    "anchor_to":"top_left",
    "bindings":[
      {
        "binding_type":"view",
        "source_control_name":"gameplay_button_toggle",
        "source_property_name":"#toggle_state",
        "target_property_name":"#visible"
      }
    ],
    "controls":[
      {
        "brightness_slider@settings_common.option_slider":{
          "ignored":"($is_holographic)",
          "$option_label":"#gamma_slider_label",
          "$slider_name":"gamma",
          "$slider_value_binding_name":"#gamma",
          "$option_enabled_binding_name":"#gamma_enabled",
          "$focus_override_up":"FOCUS_OVERRIDE_STOP",
          "$label_bindings":[
            {
              "binding_name":"#gamma_slider_label"
            }
          ]
        }
      },
      {
        "render_distance_slider@settings_common.option_slider":{
          "ignored":"($is_holographic)",
          "$option_label":"#render_distance_slider_label",
          "$slider_name":"render_distance",
          "$slider_value_binding_name":"#render_distance",
          "$option_enabled_binding_name":"#render_distance_enabled",
          "$slider_steps_binding_name":"#render_distance_steps",
          "$label_bindings":[
            {
              "binding_name":"#render_distance_slider_label"
            }
          ]
        }
      },
      {
        "particle_render_distance_slider@settings_common.option_slider":{
          "$option_label":"#particle_render_distance_slider_label",
          "$slider_name":"particle_render_distance",
          "$slider_value_binding_name":"#particle_render_distance",
          "$option_enabled_binding_name":"#particle_render_distance_enabled",
          "$label_bindings":[
            {
              "binding_name":"#particle_render_distance_slider_label"
            }
          ]
        }
      },
      {
        "fancy_clouds_toggle_9@settings_common.option_toggle":{
          "$option_label":"options.fancyskies",
          "$option_binding_name":"#fancy_skies",
          "$option_enabled_binding_name":"#fancy_skies_enabled",
          "$toggle_name":"fancy_skies"
        }
      },
      {
        "render_clouds_toggle_10@settings_common.option_toggle":{
          "$option_label":"options.renderclouds",
          "$option_binding_name":"#render_clouds",
          "$option_enabled_binding_name":"#fancy_skies",
          "$toggle_name":"render_clouds"
        }
      },
      {
        "fancy_bubbles_toggle@settings_common.option_toggle":{
          "$option_label":"options.bubbleparticles",
          "$option_binding_name":"#bubble_particles",
          "$option_enabled_binding_name":"#bubble_particles_enabled",
          "$toggle_name":"bubble_particles"
        }
      },
      {
        "smooth_lighting_toggle_11@settings_common.option_toggle":{
          "ignored":"($is_holographic)",
          "$option_label":"options.smooth_lighting",
          "$option_binding_name":"#smooth_lighting",
          "$option_enabled_binding_name":"#smooth_lighting_enabled",
          "$toggle_name":"smooth_lighting"
        }
      },
      {
        "graphics_toggle_12@settings_common.option_toggle":{
          "ignored":"($is_holographic)",
          "$option_label":"options.graphics",
          "$option_binding_name":"#graphics_toggle",
          "$option_enabled_binding_name":"#graphics_toggle_enabled",
          "$toggle_name":"graphics_toggle"
        }
      },
      {
        "fancy_leaves_toggle@settings_common.option_toggle":{
          "ignored":"($pocket_edition or $console_edition)",
          "$option_label":"options.transparentleaves",
          "$option_binding_name":"#transparent_leaves",
          "$option_enabled_binding_name":"#transparent_leaves_enabled",
          "$toggle_name":"transparent_leaves"
        }
      }
    ]
  },
//--------------------------------
//ADVANCED VIDEO
//--------------------------------
  "video_button@settings_common.section_toggle_base":{
    "$toggle_view_binding_name":"video_button_toggle",
    "$glyph_texture":"textures/ui/video_glyph",
    "$glyph_color_texture":"textures/ui/video_glyph_color",
    "$glyph_size":[
      15,
      12
    ],
    "$button_text":"panel.video",
    "$toggle_property_bag":{
      "#panel_title":"panel.video"
    }
  },
  "advanced_video_options_toggle@settings_common.option_toggle_control":{
    "$toggle_name":"advanced_video_options",
    "$toggle_state_binding_name":"#advanced_video_options"
  },
  "video_section":{
    "type":"stack_panel",
    "size":[
      "100%",
      "100%c"
    ],
    "anchor_from":"top_left",
    "anchor_to":"top_left",
    "bindings":[
      {
        "binding_type":"view",
        "source_control_name":"video_button_toggle",
        "source_property_name":"#toggle_state",
        "target_property_name":"#visible"
      }
    ],
    "controls":[
      {
        "option_dropdown_0@settings_common.option_dropdown":{
          "$option_label":"options.dev_enableDebugHudOverlay",
          "$dropdown_content":"general_section.dev_debug_hud_dropdown_content",
          "$dropdown_area":"content_area",
          "$dropdown_name":"dev_debug_hud_dropdown",
          "$options_dropdown_toggle_label_binding":"#dev_debug_hud_dropdown_toggle_label",
          "$option_enabled_binding_name":"#dev_debug_hud_dropdown_enabled",
          "$dropdown_scroll_content_size":[
            "100%",
            "145%"
          ]
        }
      },
      {
        "hud_opacity_slider@settings_common.option_slider":{
          "$option_label":"#interface_opacity_slider_label",
          "$slider_name":"interface_opacity",
          "$slider_value_binding_name":"#interface_opacity",
          "$option_enabled_binding_name":"#interface_opacity_enabled",
          "$label_bindings":[
            {
              "binding_name":"#interface_opacity_slider_label"
            }
          ]
        }
      },
      {
        "max_framerate_slider@settings_common.option_slider":{
          "$option_label":"#max_framerate_slider_label",
          "$slider_name":"max_framerate",
          "$slider_value_binding_name":"#max_framerate",
          "$option_enabled_binding_name":"#max_framerate_enabled",
          "$slider_steps_binding_name":"#max_framerate_steps",
          "$label_bindings":[
            {
              "binding_name":"#max_framerate_slider_label"
            }
          ]
        }
      },
      {
        "gui_scale_slider@settings_common.option_slider":{
          "ignored":"($is_holographic)",
          "$option_label":"#gui_scale_slider_label",
          "$slider_name":"gui_scale",
          "$slider_value_binding_name":"#gui_scale",
          "$option_enabled_binding_name":"#gui_scale_enabled",
          "$slider_steps_binding_name":"#gui_scale_steps",
          "$label_bindings":[
            {
              "binding_name":"#gui_scale_slider_label"
            }
          ]
        }
      },
      {
        "splitscreen_hud_opacity_slider@settings_common.option_slider":{
          "ignored":"(not $can_splitscreen)",
          "$option_label":"#splitscreen_interface_opacity_slider_label",
          "$slider_name":"splitscreen_interface_opacity",
          "$slider_value_binding_name":"#splitscreen_interface_opacity",
          "$option_enabled_binding_name":"#splitscreen_interface_opacity_enabled",
          "$label_bindings":[
            {
              "binding_name":"#splitscreen_interface_opacity_slider_label"
            }
          ]
        }
      },
      {
        "setup_safe_zone":{
          "ignored":"($nx_os or (not $is_pregame))",
          "type":"panel",
          "size":[
            "100%",
            32
          ],
          "controls":[
            {
              "action_button@settings_common.action_button":{
                "$pressed_button_name":"setup_safe_zone_button",
                "$button_text":"options.safeZone.title",
                "anchor_from":"top_right",
                "anchor_to":"top_right"
              }
            }
          ]
        }
      },
      {
        "split_screen_dropdown@settings_common.option_dropdown":{
          "ignored":"(not $can_splitscreen)",
          "$option_label":"options.splitscreen",
          "$dropdown_content":"general_section.split_screen_dropdown_content",
          "$dropdown_area":"content_area",
          "$dropdown_name":"split_screen_dropdown",
          "$option_enabled_binding_name":"#split_screen_dropdown_enabled",
          "$options_dropdown_toggle_label_binding":"#split_screen_dropdown_toggle_label",
          "$dropdown_scroll_content_size":[
            "100%",
            "145%"
          ]
        }
      },
      {
        "splitscreen_player_names_toggle@settings_common.option_toggle":{
          "ignored":"(not $can_splitscreen)",
          "$option_label":"options.splitscreenIngamePlayerNames",
          "$option_binding_name":"#splitscreen_ingame_player_names",
          "$option_enabled_binding_name":"#splitscreen_ingame_player_names_enabled",
          "$toggle_name":"splitscreen_ingame_player_names"
        }
      },
      {
        "rendering_profile_option_slider@settings_common.option_slider":{
          "ignored":true,
          "$option_label":"#rendering_profile_slider_label",
          "$slider_name":"rendering_profile",
          "$slider_value_binding_name":"#rendering_profile",
          "$option_enabled_binding_name":"#rendering_profile_slider_enabled",
          "$slider_steps_binding_name":"#rendering_profile_steps",
          "$label_bindings":[
            {
              "binding_name":"#rendering_profile_slider_label"
            }
          ]
        }
      },
      {
        "ui_profile_dropdown@settings_common.option_dropdown":{
          "ignored":"($apple_tv or $console_edition)",
          "$option_label":"options.uiprofile",
          "$dropdown_content":"general_section.ui_profile_dropdown_content",
          "$dropdown_area":"content_area",
          "$dropdown_name":"ui_profile_dropdown",
          "$option_enabled_binding_name":"#ui_profile_dropdown_enabled",
          "$options_dropdown_toggle_label_binding":"#ui_profile_dropdown_toggle_label",
          "$dropdown_scroll_content_size":[
            "100%",
            "145%"
          ]
        }
      },
      {
        "msaa_slider@settings_common.option_slider":{
          "$option_label":"#msaa_slider_label",
          "$slider_name":"msaa",
          "$slider_value_binding_name":"#msaa",
          "$option_enabled_binding_name":"#msaa_enabled",
          "$slider_steps_binding_name":"#msaa_steps",
          "$label_bindings":[
            {
              "binding_name":"#msaa_slider_label"
            }
          ],
          "bindings":[
            {
              "binding_name":"#show_msaa",
              "binding_name_override":"#visible"
            }
          ]
        }
      },
      {
        "option_toggle_screen_animations@settings_common.option_toggle":{
          "$option_label":"options.screenAnimations",
          "$option_binding_name":"#screen_animations",
          "$option_enabled_binding_name":"#screen_animations_enabled",
          "$toggle_name":"screen_animations",
          "bindings":[
            {
              "binding_name":"#screen_animations_visible",
              "binding_name_override":"#visible"
            }
          ]
        }
      },
      {
        "texel_anti_aliasing_toggle@settings_common.option_toggle":{
          "$option_label":"options.texelAA",
          "$option_binding_name":"#texel_aa",
          "$option_enabled_binding_name":"#texel_aa_enabled",
          "$toggle_name":"texel_aa",
          "bindings":[
            {
              "binding_name":"#show_texel_aa",
              "binding_name_override":"#visible"
            }
          ]
        }
      },
      {
        "fullscreen_toggle@settings_common.option_toggle":{
          "ignored":"($pocket_edition or $console_edition)",
          "$option_label":"options.fullscreen",
          "$option_binding_name":"#full_screen",
          "$option_enabled_binding_name":"#full_screen_enabled",
          "$toggle_name":"full_screen"
        }
      },
      {
        "auto_save_icon_toggle@settings_common.option_toggle":{
          "$option_label":"options.showautosaveicon",
          "$option_binding_name":"#show_auto_save_icon",
          "$option_enabled_binding_name":"#show_auto_save_icon_enabled",
          "$toggle_name":"show_auto_save_icon"
        }
      },
      {
        "outline_selection_toggle@settings_common.option_toggle":{
          "ignored":"($is_holographic)",
          "$option_label":"options.classic_box_selection",
          "$option_binding_name":"#classic_box_selection",
          "$option_enabled_binding_name":"#classic_box_selection_enabled",
          "$toggle_name":"classic_box_selection"
        }
      }
    ]
  },
  "ui_profile_dropdown_content@settings_common.option_radio_dropdown_group":{
    "$radio_buttons":[
      {
        "@settings_common.radio_with_label":{
          "$toggle_state_binding_name":"#ui_profile_radio_classic",
          "$radio_label_text":"options.uiprofile.classic"
        }
      },
      {
        "@settings_common.radio_with_label":{
          "$toggle_state_binding_name":"#ui_profile_radio_pocket",
          "$radio_label_text":"options.uiprofile.pocket"
        }
      }
    ]
  },
  "split_screen_dropdown_content@settings_common.option_radio_dropdown_group":{
    "$radio_buttons":[
      {
        "@settings_common.radio_with_label":{
          "$toggle_state_binding_name":"#split_screen_radio_horizontal",
          "$radio_label_text":"options.splitscreen.horizontal"
        }
      },
      {
        "@settings_common.radio_with_label":{
          "$toggle_state_binding_name":"#split_screen_radio_vertical",
          "$radio_label_text":"options.splitscreen.vertical"
        }
      }
    ]
  },
  "third_person_dropdown_content@settings_common.option_radio_dropdown_group":{
    "$radio_buttons":[
      {
        "@settings_common.radio_with_label":{
          "$toggle_state_binding_name":"#thirdperson_radio_first",
          "$radio_label_text":"options.thirdperson.firstperson"
        }
      },
      {
        "@settings_common.radio_with_label":{
          "$toggle_state_binding_name":"#thirdperson_radio_third_back",
          "$radio_label_text":"options.thirdperson.thirdpersonback"
        }
      },
      {
        "@settings_common.radio_with_label":{
          "$toggle_state_binding_name":"#thirdperson_radio_third_front",
          "$radio_label_text":"options.thirdperson.thirdpersonfront"
        }
      }
    ]
  },
  "dev_debug_hud_dropdown_content@settings_common.option_radio_dropdown_group":{
    "$radio_buttons":[
      {
        "@settings_common.radio_with_label":{
          "$toggle_state_binding_name":"#debug_hud_radio_off",
          "$radio_label_text":"options.dev_enableDebugHudOverlay.off"
        }
      },
      {
        "@settings_common.radio_with_label":{
          "$toggle_state_binding_name":"On",
          "$radio_label_text":"On"
        }
      }
    ]
  },
  "file_storage_location_content@settings_common.option_radio_dropdown_group":{
    "$radio_buttons":[
      {
        "file_storage_location_option_external@settings_common.radio_with_label":{
          "$toggle_state_binding_name":"#storage_location_radio_external",
          "$radio_label_text":"options.filelocation.external"
        }
      },
      {
        "file_storage_location_option_appdata@settings_common.radio_with_label":{
          "$toggle_state_binding_name":"#storage_location_radio_package",
          "$radio_label_text":"options.filelocation.appdata"
        }
      }
    ]
  }
}