{
  "namespace": "start",
//Content
  "feedback_icon": {
    "type": "image",
    "texture": "textures/ui/Feedback",
    "layer": 3,
    "size": [ 12, 12 ]
  },
  "exit_icon": {
    "type": "image",
    "anchor_from": "left_middle",
    "anchor_to": "left_middle",
    "texture": "textures/ui/exit",
    "layer": 3,
    "size": [ 12, 12 ]
  },
  "invite_icon": {
    "type": "image",
    "anchor_from": "left_middle",
    "anchor_to": "left_middle",
    "texture": "textures/ui/invite_base",
    "size": [ 12, 12 ]
  },
  "invite_notification_icon": {
    "type": "image",
    "texture": "$invite_texture",
    "size": [ 16, 16 ]
  },
//Minecraft version
  "bedrocktimize": {
    "type": "label",
    "shadow": true,
    "layer": 1,
    "text": "§4Optimiz:",
    "size": [ "default", 10 ],
    "max_size": [ "default", 10 ],
    "anchor_from": "top_left",
    "anchor_to": "top_left"
  },
  "bedrocktimize_version": {
    "type": "label",
    "layer": 1,
    "text": "ver: Alpha",
    "size": [ "default", 10 ],
    "max_size": [ "default", 10 ],
    "anchor_from": "top_left",
    "anchor_to": "top_left"
  },
  "minecraft": {
    "type": "label",
    "shadow": true,
    "layer": 1,
    "text": "Minecraft:",
    "size": [ "default", 10 ],
    "max_size": [ "default", 10 ],
    "anchor_from": "top_left",
    "anchor_to": "top_left"
  },
  "verson": {
    "type": "label",
    "shadow": true,
    "layer": 1,
    "text": "#version",
    "size": [ "default", 10 ],
    "max_size": [ "default", 10 ],
    "anchor_from": "top_left",
    "anchor_to": "top_left",
    "bindings": [
      {"binding_name": "#version"}
    ]
  },
  "creator_version_panel": {
    "type": "stack_panel",
    "size": [ "default", 10 ],
    "offset": [ 5, 5 ],
    "anchor_from": "top_left",
    "anchor_to": "top_left",
    "controls": [
      {"bedrocktimize@start.bedrocktimize": {}},
      {"bedrocktimize_version@start.bedrocktimize_version": {}},
      {"minecraft@start.minecraft": {}},
      {"version@start.version":{}}
    ]
  },
  "disclaimer": {
    "type": "label",
    "$button_content_alpha":1.50,
    "alpha": 1.50,
    "layer": 1,
    "shadow": true,
    "font_size":"big",
    "text": "Creator info: @d.kogrin",
    "size": [ "default", "default" ],
    "max_size": [ "default", "default" ],
    "anchor_from": "bottom_middle",
    "anchor_to": "bottom_middle"
  },
  "disclaimer_panel": {
    "type": "stack_panel",
    "size": [ "default", 10 ],
    "offset":[5,-15],
    "anchor_from": "bottom_middle",
    "anchor_to": "bottom_middle",
    "controls": [
      {"disclaimer@disclaimer": {}}
    ]
  },
  "realms_pending_invite_panel": {
    "ignored":true,
    "type": "panel",
    "offset":[0,30],
    "size": [ 24, 24 ],
    "controls": [
      {
        "button@common.button": {
          "$pressed_button_name": "button.menu_invite_notification",
          "$button_tts_header": "realmsInvitationScreen.shareTitle",
          "size": [ 20, 20 ],
          "offset": [ 2, 2 ],
          "controls": [
            {
              "default@start.invite_notification_icon": { "$invite_texture": "textures/ui/invite_base" }
            },
            {
              "hover@start.invite_notification_icon": { "$invite_texture": "textures/ui/invite_hover" }
            },
            {
              "pressed@start.invite_notification_icon": { "$invite_texture": "textures/ui/invite_pressed" }
            }
          ]
        }
      }
    ],
    "bindings": [
      {
        "binding_name": "#realms_notification_visible",
        "binding_name_override": "#visible"
      }
    ]
  },
  //---------------------------------------------------------------------------
  // Skins Panel
  //---------------------------------------------------------------------------
  "skin_viewer_panel": {
    "type": "input_panel",
    "anchor_from": "bottom_middle",
    "anchor_to": "bottom_middle",
    "size": [ "100%", "100% - 24px" ],
    "offset": [ 0, 0 ],
    "gesture_tracking_button": "button.turn_doll",
    "button_mappings": [
      {
        "from_button_id": "button.menu_select",
        "to_button_id": "button.turn_doll",
        "mapping_type": "pressed",
        "button_up_right_of_first_refusal": true
      }
    ],
    "controls": [
      {
        "paper_doll_panel": {
          "type": "panel",
          "size": [ "100%", "100% - 10px" ],

          "controls": [
            {
              "paper_doll": {
                "type": "custom",
                "renderer": "paper_doll_renderer",
                "layer": 2,
                "anchor_from": "bottom_middle",
                "anchor_to": "bottom_middle",
                "rotation": "gesture_x",
                "size": [ "100%", "100%" ],
                "offset": [ 0, 0 ],
                "animation_reset_name": "screen_animation_reset",
                "anims": [
                  "@common.screen_exit_size_animation_push",
                  "@common.screen_exit_size_animation_pop",
                  "@common.screen_entrance_size_animation_push",
                  "@common.screen_entrance_size_animation_pop"
                ],
                "bindings": [
                  {
                    "binding_type": "view",
                    "source_control_name": "viewer_panel",
                    "source_property_name": "#gesture_delta_source",
                    "target_property_name": "#gesture_delta_source"
                  },
                  {
                    "binding_type": "view",
                    "source_control_name": "viewer_panel",
                    "source_property_name": "#gesture_mouse_delta_x",
                    "target_property_name": "#gesture_mouse_delta_x"
                  }
                ]
              }
            }
          ]
        }
      },
      {
        "paper_doll_name_tag": {
          "type": "custom",
          "renderer": "name_tag_renderer",
          "offset": [0,15],
          "anchor_from": "top_middle",
          "anchor_to": "bottom_middle",
          "size": [ 8, 8 ],
          "bindings": [
            {
              "binding_name": "#playername"
            }
          ]
        }
      }
    ]
  },

  "skin_panel": {
    "type": "panel",
    "anchor_to": "center",
    "anchor_from": "center",
    "offset": [ 0, 0 ],
    "controls": [
      { "viewer_panel@start.skin_viewer_panel": {} }
    ]
  },
//Button List
  "main_button@common_buttons.light_text_button": {
    "size": [ "100% - 2px", "100% - 2px" ]
  },
  "play_button@start.main_button": {
    "$pressed_button_name": "button.menu_play",
    "$button_text": "menu.play",
    "default_focus_precedence": 1,
    "$focus_override_right": "menu_skins_button",
    "bindings": [
      {
        "binding_name": "#focus_change_left"
      }
    ]
  },
  "profile_button@start.main_button": {
    "$pressed_button_name": "button.to_profile_screen",
    "$button_text": "profileScreen.header"
  },
  "release_feedback_button@common_buttons.hyperlink_content_button": {
    "size": [ 20, 20 ],
    "property_bag": {
      "#hyperlink": "https://aka.ms/minecraftfb"
    },
    "$button_content": "start.feedback_icon"
  },
  "pre_release_feedback_button@start.release_feedback_button": {
    "size": [ 20, 20 ],
    "property_bag": {
      "#hyperlink": "https://aka.ms/minecraftfbbeta"
    }
  },
  "invites_button@common_buttons.light_glyph_button": {
    "$pressed_button_name": "button.menu_invite_notification",
    "$button_content_offset": [ 0.9, 1 ],
    "$button_content": "start.invite_icon",
    "$button_tts_header": "realmsInvitationScreen.shareTitle",
    "size":[20,20]
  },
  "exit_button@common_buttons.light_glyph_button": {
    "size":[20,20],
    "offset":[-5,5],
    "alpha":0.50,
    "$button_content_offset": [ 0.9, -0.5 ],
    "$button_content": "start.exit_icon",
    "anchor_to": "top_right",
    "anchor_from": "top_right",
    "$pressed_button_name": "button.menu_exit"
  },
  "settings_button@start.main_button": {
    "$pressed_button_name": "button.menu_settings",
    "$button_text": "menu.settings"
  },
  "store_button@common_buttons.light_content_button": {
    "size": [ "100% - 2px", "100% - 2px" ],
    "$pressed_button_name": "button.menu_store",
    "$button_text": "menu.store",
    "$button_content": "start.store_button_content",
    "$button_text_binding_type": "none",
    "$button_binding_condition": "none",
    "$button_text_grid_collection_name": ""    
  },
  "store_sale_label": {
    "type": "label",
    "size": [ "default", 10 ],
    "offset": [ 4, 0 ],
    "text": "store.startMenu.sale",
    "color": "$light_button_default_text_color",
    "layer": 2
  },
//Rows
  "left_row": {
    "type": "panel",
    "size": [ "100%", 32 ]
  },

  "right_row": {
    "type": "panel",
    "size": [ "100%", 32 ]
  },
//Main Button Panels
  "feedback_button": {
    "ignored": true,
    "type": "panel",
    "$button_tts_header": "accessibility.start.feedback",
    "controls": [
      { "edu_feedback_button@start.edu_feedback_button": { "ignored": "(not $education_edition)" } },
      { "release_feedback_button@start.release_feedback_button": { "ignored": "($pre_release or $education_edition)" } },
      { "pre_release_feedback_button@start.pre_release_feedback_button": { "ignored": "(not $pre_release or $education_edition)" } }
    ]
  },
  "feedback_v2_button": {
    "ignored": "$feedback_ignored",
    "type": "panel",
    "$button_tts_header": "accessibility.start.feedback",
    "size":[20,20],
    "offset":[-5,35],
    "anchor_to": "top_right",
    "anchor_from": "top_right",

    "$button_content_offset": [ 4, 0.5 ],
    "controls": [
      { "edu_feedback_button@start.edu_feedback_button": { "ignored": "(not $education_edition)" } },
      { "release_feedback_button@start.release_feedback_button": { "ignored": "($pre_release or $education_edition)" } },
      { "pre_release_feedback_button@start.pre_release_feedback_button": { "ignored": "(not $pre_release or $education_edition)" } }
    ]
  },
  "exit_button": {
    "type": "panel",
    "offset":[-5,5],
    "anchor_to": "top_right",
    "anchor_from": "top_right",
    "controls": [
      { "exit_button@start.main_button": {} }
    ]
  },
  "invites_button": {
    "type": "panel",
    "controls": [
      { "invites_button@start.main_button": {} }
    ]
  },
  "main_buttons_stack_panel": {
    "type": "stack_panel",
    "size": [ "100%", "100%" ],
    "orientation": "vertical",
    "$title_offset_padding|default": [ "100%", "10%" ],
    "variables": [
      {
        "requires": "$pocket_screen",
        "$title_offset_padding": [ "100%", "5%" ]
      }
    ],
    "controls": [
      {
        "title_offset_padding": {
          "type": "panel",
          "size": "$title_offset_padding"
        }
      },
      {
        "title_panel_content@common_art.start_title_panel_content": {}
      },
      {
        "right_and_left_buttons_panel": {
          "type": "panel",
          "size": [ "100%", "100%c" ],
          "controls": [
            {"left_buttons_panel@start.left_buttons_panel": {}},
            {"right_buttons_panel@start.right_buttons_panel": {}}
          ]
        }
      },
      {
        "padding_fill_1": {
          "type": "panel",
          "size": [ "100%", "fill" ]
        }
      },
      {
        "padding_fill_2": {
          "type": "panel",
          "size": [ "100%", "fill" ],
          "controls": [
            {
              "gamepad_helpers@start.gamepad_helpers": {}
            }
          ]
        }
      },
      {
        "padding_3": {
          "type": "panel",
          "size": [ "100%", 10 ] // size of text at the bottom of the screen
        }
      }
    ]
  },
  "left_buttons_panel": {
    "type": "panel",
    "size": [ 100, "100%c" ],
    "anchor_from":"left_middle",
    "anchor_to":"left_middle",
    "offset": [ 30, 0 ],
    "controls": [
      {
        "left_rows": {
          "type": "stack_panel",
          "size": [ "100%", "100%c" ],
          "controls": [
            {
              "left_row_0@start.left_row": {
                "size": [ 130, 30 ],
                "controls": [
                  { "play_button@start.play_button": {} }
                ]
              }
            },
            {
              "spacer_0": {
                "type": "panel",
                "size": [ 6, 6 ]
              }
            },
            {
              "left_row_1@start.left_row": {
                "size": [ 130, 30 ],
                "controls": [
                  { "settings_button@start.settings_button": {} }
                ]
              }
            }
          ]
        }
      }
    ]
  },
  "right_buttons_panel": {
    "type": "panel",
    "size": [ 100, "100%c" ],
    "offset":[-60,0],
    "anchor_from":"right_middle",
    "anchor_to":"right_middle",
    "controls": [
      {
        "right_rows": {
          "type": "stack_panel",
          "size": [ "100%", "100%c" ],
          "controls": [
            {
              "right_row_3@start.right_row": {
                "size": [ 130, 30 ],
                "ignored": "$store_ignored",
                "controls": [
                  {
                    "store_button@start.store_button": {
                      "enabled": "(not $store_disabled)"
                    }
                  },
                  {
                    "update_icon@start.update_prompt_icon": {
                      "size": [ "52.38%y", 15 ],
                      "offset": [ -16, -6 ],
                      "bindings": [
                        {
                          "binding_name": "#update_icon_visible",
                          "binding_name_override": "#visible",
                          "binding_condition": "always"
                        }
                      ]
                    }
                  }
                ]
              }
            },
            {
              "spacer_1": {
                "type": "panel",
                "size": [ 6, 6 ]
              }
            },
            {
             "right_row_4@start.right_row": {
                "size": [ 130, 30 ],
                "controls": [
                  { "profile_button@start.profile_button": {} }
                ]
              }
            }
          ]
        }
      }
    ]
  },
  "gamepad_helpers": {
    "type": "stack_panel",
    "orientation": "horizontal",
    "size": [ "100%c", 26 ],
    "controls": [
      { "gamepad_helper_a@common.gamepad_helper_a": {} },
      {
        "gamepad_helper_b_and_padding": {
          "ignored": "(not $can_quit)",
          "type": "panel",
          "size": [ "100%c + 10px", "100%c" ],
          "controls": [
            {
              "gamepad_helper_b@common.gamepad_helper_b": {
                "offset": [ 10, 0 ],
                "anchor_to": "left_middle",
                "anchor_from": "left_middle"
              }
            }
          ]
        }
      },
      {
        "gamepad_helper_y_and_padding": {
          "type": "panel",
          "size": [ "100%c + 10px", "100%c" ],
          "controls": [
            {
              "gamepad_helper_y@common.gamepad_helper_y": {
                "offset": [ 10, 0 ],
                "anchor_to": "left_middle",
                "anchor_from": "left_middle"
              }
            }
          ],
          "bindings": [
            {
              "binding_name": "#y_helper_visible",
              "binding_name_override": "#visible"
            }
          ]
        }
      },
      {
        "gamepad_helper_x_and_padding": {
          "type": "panel",
          "size": [ "100%c + 10px", "100%c" ],
          "controls": [
            {
              "gamepad_helper_x@common.gamepad_helper_x": {
                "offset": [ 10, 0 ],
                "anchor_to": "left_middle",
                "anchor_from": "left_middle"
              }
            }
          ],
          "bindings": [
            {
              "binding_name": "#x_helper_visible",
              "binding_name_override": "#visible"
            }
          ]
        }
      }
    ]
  },
//I probaby shouldn't touch these
  "start_screen@common.base_screen": {
    "$screen_animations": [
      "@common.screen_exit_animation_push_fade",
      "@common.screen_exit_animation_pop_fade",
      "@common.screen_entrance_animation_push_fade",
      "@common.screen_entrance_animation_pop_fade"
    ],

    "button_mappings": [
      {
        "ignored": "(not $can_quit)",
        "from_button_id": "button.menu_cancel",
        "to_button_id": "button.menu_exit",
        "mapping_type": "global"
      },
      {
        "ignored": "(not $nx_os)",
        "from_button_id": "button.controller_select",
        "to_button_id": "button.menu_offline",
        "mapping_type": "global"
      }
    ],
    "$screen_content": "start.start_screen_content"
  },

  "start_screen_content": {
    "type": "panel",
    "$achievements_ignored|default": false,
    "$feedback_ignored|default": false,
    "$store_ignored|default": false,
    "controls": [
      {
        "skin_panel@start.skin_panel": { "layer": 1 }
      },
      {
        "exit_button@start.exit_button": {}
      },
      {
        "invites_button@start.invites_button": {
          "anchor_from": "top_right",
          "anchor_to": "top_right",
          "offset":[-5,65]
        }
      },
      {
        "feedback_v2_button@start.feedback_v2_button": {}
      },
      {
        "main_buttons_and_title_panel@start.main_buttons_stack_panel": {}
      },
      {
        "online_buttons_panel@start.online_buttons_panel": {}
      },
      {
        "creator_version_panel@creator_version_panel": {}
      },
      {
        "disclaimer_panel@disclaimer_panel": {}
      },
      {
        "realms_pending_invite_panel@start.realms_pending_invite_panel": {
          "anchor_from": "top_left",
          "anchor_to": "top_left"
        }
      }
    ]
  }
}